<?xml version="1.0" encoding="UTF-8" standalone="yes"?>
<addon id="repository.skyrepo" name="skytv official Repo" version="1.1.0" provider-name="skytv">
	<extension point="xbmc.addon.repository" name="Kodi-Mexico official Repo">
		<info compressed="false">https://raw.githubusercontent.com/chicagotv/chicagotv/master/master/addons.xml</info>
		<checksum>https://raw.githubusercontent.com/chicagotv/chicagotv/master/master/addons.xml.md5</checksum>
		<datadir zip="true">https://raw.github.com/chicagotv/chicagotv/master</datadir>
	</extension>
	<extension point="xbmc.addon.metadata">
		<summary>Kodi-skytv official Repo</summary>
   		<description lang="en">Instala los Addons de Kodi</description>
		<disclaimer></disclaimer>
		<platform>all</platform>
	</extension>
</addon>